"_primaryKey","_firstSeenAt","_lastSeenAt","listingId","vin","stockNumber","year","make","model","trim","subTrim","bodyStyle","exteriorColor","interiorColor","engine","displacement","drivetrain","transmission","fuelType","mileage","listPrice","currentPrice","onePrice","badge","vehicleCondition","cabType","bedLength","mpgCity","mpgHighway","mpgCombined","noAccidents","serviceRecords","personalUse","oneOwner","ownerHistory","serviceRecordCount","imageCount","followCount","firstSeen","recordType","sellerType","advantage","sellerName","sellerCity","sellerState","sellerZip","sellerPhone","sellerRating","sellerReviewCount","sellerId","sellerInventoryUrl","sellerLatitude","sellerLongitude","sellerGroupName","sellerLogoUrl","sellerBadgeExperience","reliabilityBadge","reliabilityCostBadge","reliabilityRiskBadge","reliabilityAvgCost","listingUrl","images","imagesCount","topOptions","topOptionsCount","otherOptions","otherOptionsCount","description","icrUrl","windowSticker","sortScore","snapshotDamageSeverity"
"1N4BL4BW4PN33363690ZIGQX00120260326","2026-04-05 21:17:44.845","2026-04-14 10:27:22.919","[PREMIUM]","[PREMIUM]","333636",2023,"Nissan","Altima","S",,"Sedan","Black",,"4 Cyl","2.5 L","AWD","Automatic","Gasoline",65067,"[PREMIUM]","[PREMIUM]",,,"Used",,,26,34,29,true,true,,,"[]",6,22,1,"2026-03-26","ENHANCED","USED",true,"[PREMIUM]","Sioux City","IA","51101","[PREMIUM]",4.9,39,"90ZIGQX001","[PREMIUM]","[PREMIUM]","[PREMIUM]","[PREMIUM]","[PREMIUM]","ADVANTAGE",,,,,"[PREMIUM]","[PREMIUM]",22,"['Remote Start','Keyless Entry','Heated Seats','Smart Key','Side Airbags','USB Adapter']",6,"['3-Point Seat Belts','Anti-Lock Brakes','Anti-Theft System','Apple Carplay','Engine Immobilizer','Front Airbags (Driver)','Front Airbags (Passenger)','Handsfree/Bluetooth Integration','Head Airbags','Power Locks','Power Mirrors','Power Seat (Dual)','Power Windows','Rear Head Airbags','Rear-View Camera']",15,"Here's a great value on a All Wheel Drive Altima and we've priced this car to sell for only 17,995.00. This Altima comes equipped with All Wheel Drive, the dependable 2.5L 4 cyl that produces a super impressive 182hp and still estimated at 39 mpg on the highway. The other options include the S Package, Power Seat, Heated Seats, Rear View Camera, Apple Car Play, Remote Start, Bluetooth, Aux-USB Ports, Power Windows, Power Locks, Power Mirrors, C/D and Nissan's Smart Key Entry System and the Standard Power and Safety Features. We offer bank financing with excellent rates and terms right here at the dealership, stop and see why so many people will only purchase their used vehicles from Ideal Wheels with the original Ideal Advantage which provides no labor charge on most repairs. Don't forget to check out the complimentary Carfax.","[PREMIUM]","[PREMIUM]",127.2,
"W1X9N33YXRN28741010JVOL3ZY120260328","2026-04-05 18:16:47.606","2026-04-18 21:00:48.460","[PREMIUM]","[PREMIUM]","S1499",2024,"Mercedes-Benz","Sprinter","4500",,"Chassis","White",,"4 Cyl","2.0 L","RWD","Automatic","Diesel",17306,"[PREMIUM]","[PREMIUM]",,,"Used",,,,,,true,,,,"[]",0,,0,"2026-03-28","ENHANCED","NEW",true,"[PREMIUM]","Madison","WI","53713","[PREMIUM]",4.6,78,"10JVOL3ZY1","[PREMIUM]","[PREMIUM]","[PREMIUM]","[PREMIUM]","[PREMIUM]","ADVANTAGE",,,,,"[PREMIUM]","[PREMIUM]",,"['Keyless Entry','Heated Seats','Heated Mirrors','16 Inch Wheels','Steel Wheels','Cutaway Van','Cloth Seats','Independent Suspension']",8,"['4-Wheel Disc Brakes','5 Speakers','AM/FM','Adjustable Steering Wheel','Air Conditioning','Anti-Lock Brakes','Automatic Headlights','Beverage Holder','Body Side Moldings','Braking Assist','Cloth Upholstery','Cruise Control','Door Bin','Driver Seat Mounted Armrest','Dual Rear Wheel','Emergency Communication System','Front Airbags (Driver)','Front Airbags (Passenger)','Front Anti-Roll Bar','Front Bucket Seats','Front Side Airbags (Driver)','Front Side Airbags (Passenger)','Illuminated Entry','Overhead Airbag','Overhead Console','Passenger Seat Mounted Armrest','Passenger Sensing Airbag','Power Mirrors','Power Steering','Power Windows','Rear Anti-Roll Bar','Remote Keyless Entry','Stability Control','Steering Wheel Controls','Tachometer','Thermometer','Traction Control']",37,"White 2024 Mercedes-Benz Sprinter 4500 Standard Roof RWD 9-Speed Automatic HO","[PREMIUM]","[PREMIUM]",108,
"3C7WRNBL8PG545229XEKAF7DMUV20260321","2026-04-05 18:12:24.627","2026-04-18 20:55:03.689","[PREMIUM]","[PREMIUM]","RF12703",2023,"Ram","5500","Tradesman",,"Chassis","Red","Gray","6 Cyl","6.7 L","4WD","Automatic","Diesel",,"[PREMIUM]","[PREMIUM]",,,"Used","Regular Cab",,,,,true,true,,,"[]",2,,0,"2026-03-21","ENHANCED","NEW",true,"[PREMIUM]","Wilkesboro","NC","28697","[PREMIUM]",4.6,516,"XEKAF7DMUV","[PREMIUM]","[PREMIUM]","[PREMIUM]","[PREMIUM]","[PREMIUM]","TOPRATED",,,,,"[PREMIUM]","[PREMIUM]",,"['Cold Weather Package','Keyless Entry','Running Boards','Folding Mirrors','Skid Plate','19 Inch Wheels','Bench Seat','Trailer Brake Controller','Heated Mirrors','Satellite Radio']",10,"['4 Speakers','4-Wheel Disc Brakes','AM/FM','Adjustable Seats','Adjustable Steering Wheel','Air Conditioning','Anti-Lock Brakes','Automatic Headlights','Black Grille','Compass','Cruise Control','Cup Holder','Delay-Off Headlights','Door Bin','Dual Rear Wheel','Emergency Communication System','Front Airbags (Driver)','Front Airbags (Passenger)','Front Anti-Roll Bar','Front Bucket Seats','Front One-Touch Power Windows','Glove Box','Halogen Headlights','Handsfree/Bluetooth Integration','Illuminated Entry','Intermittent Wipers','Level 1 Equipment Group','Overhead Console','Passenger Sensing Airbag','Power Locks','Power Mirrors','Power Steering','Radio Data System','Reading Lights','Rear Anti-Roll Bar','Rear-View Camera','Remote Keyless Entry','Snow Plow Preparation Package','Split/Folding Seats','Stability Control','Steel Wheels','Tachometer','Telematics System','Thermometer','Traction Control','Turn Signal Mirrors','Uconnect System','Vanity Mirror/Light','Vinyl Interior','Vinyl Seats','Voice-Activated Command System']",51,"2023 Ram 5500HD Tradesman 2023 Ram 5500HD Tradesman Randy Marion Chrysler Dodge Jeep Ram is the KING OF PRICE in Wilkesboro! Flame Red Clearcoat 4WD Cummins 6.7L I6 Turbodiesel Aisin 6-Speed Automatic","[PREMIUM]","[PREMIUM]",118,
"3C7WRNBL6PG545231XEKAF7DMUV20260321","2026-04-05 18:11:54.363","2026-04-18 20:55:24.084","[PREMIUM]","[PREMIUM]","RF12699",2023,"Ram","5500","Tradesman",,"Chassis","Red","Gray","6 Cyl","6.7 L","4WD","Automatic","Diesel",,"[PREMIUM]","[PREMIUM]",,,"Used","Regular Cab",,,,,true,true,,,"[]",2,,0,"2026-03-21","ENHANCED","NEW",true,"[PREMIUM]","Wilkesboro","NC","28697","[PREMIUM]",4.6,516,"XEKAF7DMUV","[PREMIUM]","[PREMIUM]","[PREMIUM]","[PREMIUM]","[PREMIUM]","TOPRATED",,,,,"[PREMIUM]","[PREMIUM]",,"['Cold Weather Package','Keyless Entry','Running Boards','Folding Mirrors','Skid Plate','19 Inch Wheels','Bench Seat','Trailer Brake Controller','Heated Mirrors','Satellite Radio']",10,"['4 Speakers','4-Wheel Disc Brakes','AM/FM','Adjustable Seats','Adjustable Steering Wheel','Air Conditioning','Anti-Lock Brakes','Automatic Headlights','Black Grille','Compass','Cruise Control','Cup Holder','Delay-Off Headlights','Door Bin','Dual Rear Wheel','Emergency Communication System','Front Airbags (Driver)','Front Airbags (Passenger)','Front Anti-Roll Bar','Front Bucket Seats','Front One-Touch Power Windows','Glove Box','Halogen Headlights','Handsfree/Bluetooth Integration','Illuminated Entry','Intermittent Wipers','Level 1 Equipment Group','Overhead Console','Passenger Sensing Airbag','Power Locks','Power Mirrors','Power Steering','Radio Data System','Reading Lights','Rear Anti-Roll Bar','Rear-View Camera','Remote Keyless Entry','Snow Plow Preparation Package','Split/Folding Seats','Stability Control','Steel Wheels','Tachometer','Telematics System','Thermometer','Traction Control','Turn Signal Mirrors','Uconnect System','Vanity Mirror/Light','Vinyl Interior','Vinyl Seats','Voice-Activated Command System']",51,"2023 Ram 5500HD Tradesman 2023 Ram 5500HD Tradesman Randy Marion Chrysler Dodge Jeep Ram is the KING OF PRICE in Wilkesboro! Flame Red Clearcoat 4WD Cummins 6.7L I6 Turbodiesel Aisin 6-Speed Automatic","[PREMIUM]","[PREMIUM]",118,
"1GB4YTEY4PF158864VS15FXD45120260227","2026-04-05 18:11:23.080","2026-04-14 07:52:03.531","[PREMIUM]","[PREMIUM]","2-8864",2023,"Chevrolet","Silverado 3500HD","LT",,"Chassis","White","Black","8 Cyl","6.6 L","4WD","Automatic","Diesel",47936,"[PREMIUM]","[PREMIUM]",,,"Used","Crew Cab",,,,,true,true,,true,"['{""ownerNumber"":1,""purchaseDate"":""01/26/23"",""endOwnershipDate"":""02/27/26"",""city"":""Decatur"",""state"":""AL""}']",6,,1,"2026-02-27","ENHANCED","NEW",true,"[PREMIUM]","Decatur","AL","35601","[PREMIUM]",4.7,578,"VS15FXD451","[PREMIUM]","[PREMIUM]","[PREMIUM]","[PREMIUM]","[PREMIUM]","TOPRATED",,,,,"[PREMIUM]","[PREMIUM]",,"['Cloth Seats']",1,"[]",,,"[PREMIUM]","[PREMIUM]",123.95,
"1FDWE3FN8NDC131758PFAVKPEXI20260401","2026-04-05 18:08:37.141","2026-04-18 20:51:45.784","[PREMIUM]","[PREMIUM]","92L3209",2022,"Ford","Econoline","E-350",,"Chassis","White","Gray","8 Cyl","7.3 L","RWD","Automatic","Gasoline",93223,"[PREMIUM]","[PREMIUM]",,,"Used",,,,,,,true,,true,"['{""ownerNumber"":1,""purchaseDate"":""09/03/21"",""endOwnershipDate"":""04/01/26"",""city"":""Osseo"",""state"":""MN""}']",2,,0,"2026-04-01","ENHANCED","NEW",true,"[PREMIUM]","Minneapolis","MN","55413","[PREMIUM]",,,"8PFAVKPEXI","[PREMIUM]","[PREMIUM]","[PREMIUM]","[PREMIUM]","[PREMIUM]","ADVANTAGE",,,,,"[PREMIUM]","[PREMIUM]",,"['Keyless Entry','Bucket Seats','Cutaway Van','Independent Suspension','Vinyl Seats']",5,"['2 Speakers','4-Wheel Disc Brakes','AM/FM','Adjustable Steering Wheel','Air Conditioning','Anti-Lock Brakes','Auto-Dimming Mirror','Automatic Headlights','Chrome Bumpers','Chrome Front Grill','Clock','Cruise Control','Digital Instrument Cluster','Door Bin','Driver Seat Mounted Armrest','Front Airbags (Driver)','Front Airbags (Passenger)','Front Anti-Roll Bar','Front Bucket Seats','High-Series Exterior Upgrade Package','Intermittent Wipers','Passenger Seat Mounted Armrest','Power Locks','Power Steering','Power Windows','Rear-View Camera','Remote Keyless Entry','Stability Control','Tachometer','Traction Control','Trailer Tow Package','Vinyl Floor']",32,"Oxford White 2022 Ford E-350SD Cutaway RWD 6-Speed Automatic with Overdrive 7.3L V8<br /><br />Recent Arrival!","[PREMIUM]","[PREMIUM]",69.75,"Accident Reported"
"1HA6GVC73MN000171W5KUUHF00120260403","2026-04-05 18:06:21.825","2026-04-18 20:49:40.032","[PREMIUM]","[PREMIUM]","M00171P",2021,"Chevrolet","Express","4500",,"Chassis","White",,"8 Cyl","6.6 L","RWD","Automatic","Gasoline",135319,"[PREMIUM]","[PREMIUM]",,,"Used",,,,,,true,true,,true,"['{""ownerNumber"":1,""purchaseDate"":""09/15/21"",""endOwnershipDate"":""03/16/26"",""city"":""West Des Moines"",""state"":""IA""}']",9,,0,"2026-04-03","ENHANCED","USED",true,"[PREMIUM]","Pleasant Hill","IA","50327","[PREMIUM]",5,6,"W5KUUHF001","[PREMIUM]","[PREMIUM]","[PREMIUM]","[PREMIUM]","[PREMIUM]","ADVANTAGE",,,,,"[PREMIUM]","[PREMIUM]",,"['Cutaway Van']",1,"['Air Conditioning','Power Steering']",2,"Features: Air Conditioning,Power Steering","[PREMIUM]","[PREMIUM]",123.75,
"1FDXE4FS1KDC385131D2T1JAQV120260404","2026-04-05 18:05:18.424","2026-04-18 20:48:36.728","[PREMIUM]","[PREMIUM]","52603",2019,"Ford","Econoline","E-450",,"Chassis","White",,"10 Cyl","6.8 L","RWD","Automatic","Gasoline",66467,"[PREMIUM]","[PREMIUM]",,,"Used",,,,,,true,true,,true,"['{""ownerNumber"":1,""purchaseDate"":""06/05/19"",""endOwnershipDate"":""03/11/26"",""city"":""Birmingham"",""state"":""AL""}']",20,,0,"2026-04-04","ENHANCED","USED",true,"[PREMIUM]","Grand Prairie","TX","75050","[PREMIUM]",5,5,"1D2T1JAQV1","[PREMIUM]","[PREMIUM]","[PREMIUM]","[PREMIUM]","[PREMIUM]","ADVANTAGE",,,,,"[PREMIUM]","[PREMIUM]",,"['Steel Wheels','Cutaway Van']",2,"['Anti-Lock Brakes','Dual Airbags','Power Steering']",3,,"[PREMIUM]","[PREMIUM]",116.75,
"1FDAF56R88EB960749XM3OBYGB120260326","2026-04-05 18:04:14.565","2026-04-18 20:45:20.539","[PREMIUM]","[PREMIUM]","14618P",2008,"Ford","F-550","XL",,"Chassis","White",,"8 Cyl","6.4 L","RWD","Automatic","Diesel",85787,"[PREMIUM]","[PREMIUM]",,,"Used","Regular Cab",,,,,,true,true,,"['{""ownerNumber"":1,""purchaseDate"":""11/14/07"",""endOwnershipDate"":""07/08/09"",""city"":""North Fort Myers"",""state"":""FL""}','{""ownerNumber"":2,""purchaseDate"":""07/08/09"",""endOwnershipDate"":""06/22/20"",""city"":""Metairie"",""state"":""LA""}','{""ownerNumber"":3,""purchaseDate"":""12/15/20"",""endOwnershipDate"":""03/05/21"",""city"":""Indianapolis"",""state"":""IN""}','{""ownerNumber"":4,""purchaseDate"":""04/12/21"",""endOwnershipDate"":""10/02/21"",""city"":""Shelbyville"",""state"":""IN""}']",29,,0,"2026-03-26","ENHANCED","NEW",true,"[PREMIUM]","Shelbyville","IN","46176","[PREMIUM]",4.6,72,"9XM3OBYGB1","[PREMIUM]","[PREMIUM]","[PREMIUM]","[PREMIUM]","[PREMIUM]","TOPRATED",,,,,"[PREMIUM]","[PREMIUM]",,"['Bench Seat','Tow Hooks','Steel Wheels','Power Doors','Vinyl Seats']",5,"['12V Power Outlet','4-Wheel Disc Brakes','AM/FM','Airbag Deactivation (Passenger)','All-Season Tires','Anti-Lock Brakes','Dual Rear Wheel','Front Airbags (Driver)','Front Airbags (Passenger)','Intermittent Wipers','Power Steering','Reading Lights','Vanity Mirror/Light']",13,"XL trim. REDUCED FROM $24,995! $8,600 below J.D. Power Retail! CLICK NOW! <br /><br />KEY FEATURES INCLUDE<br />. Dual Rear Wheels, 4-Wheel ABS, Vinyl Seats, 4-Wheel Disc Brakes. <br /><br />EXCELLENT VALUE<br />Was $24,995. This Super Duty F-550 DRW is priced $8,600 below J.D. Power Retail. <br /><br />Pricing analysis performed on 4/15/2026. Please confirm the accuracy of the included equipment by calling us prior to purchase. <br />","[PREMIUM]","[PREMIUM]",84.75,"Accident Reported"
"1FD0W5GT9CEB69822TDN12SL00120260322","2026-04-05 18:03:53.752","2026-04-18 20:45:09.983","[PREMIUM]","[PREMIUM]","14535",2012,"Ford","F-550","Unspecified",,"Chassis","Unspecified",,"8 Cyl","6.7 L","RWD","Automatic","Diesel",170054,"[PREMIUM]","[PREMIUM]",,,"Used","Crew Cab",,,,,,true,,,"['{""ownerNumber"":1,""purchaseDate"":""10/26/12"",""endOwnershipDate"":""03/01/17"",""city"":""Wake Forest"",""state"":""NC""}','{""ownerNumber"":2,""purchaseDate"":""06/19/17"",""endOwnershipDate"":""08/02/23"",""city"":""Conway"",""state"":""SC""}','{""ownerNumber"":3,""purchaseDate"":""08/10/23"",""endOwnershipDate"":""03/06/26"",""city"":""Myrtle Beach"",""state"":""SC""}']",9,,0,"2026-03-22","ENHANCED","USED",true,"[PREMIUM]","Pawleys Island","SC","29585","[PREMIUM]",5,1,"TDN12SL001","[PREMIUM]","[PREMIUM]","[PREMIUM]","[PREMIUM]","[PREMIUM]","ADVANTAGE",,,,,"[PREMIUM]","[PREMIUM]",,"[]",,"['Dual Rear Wheel']",1,"Retail price does not include taxes, license, or title. Visit JP's Auto Sales online at www.jpsautosales.net to see more pictures of this vehicle or call us at 843-235-9951 today to schedule your test drive. JP'S AUTO SALES, WHERE SUPERIOR SERVICE AND SALES ARE OUR PLEDGE TO YOU !!!!!!!!","[PREMIUM]","[PREMIUM]",101,
"1FDAW57P37EA962962CUPHZ0PNM20260403","2026-04-05 18:03:42.822","2026-04-18 20:44:59.665","[PREMIUM]","[PREMIUM]","A96296",2007,"Ford","F-550","Unspecified",,"Chassis","White",,"8 Cyl","6.0 L","4WD","Unspecified","Diesel",,"[PREMIUM]","[PREMIUM]",,,"Used","Crew Cab",,,,,true,true,,true,"['{""ownerNumber"":1,""purchaseDate"":""10/18/06"",""endOwnershipDate"":""02/27/26"",""city"":""Newland"",""state"":""NC""}']",35,1,0,"2026-04-03","ENHANCED","USED",true,"[PREMIUM]","Greer","SC","29651","[PREMIUM]",3,2,"2CUPHZ0PNM","[PREMIUM]","[PREMIUM]","[PREMIUM]","[PREMIUM]","[PREMIUM]","ADVANTAGE",,,,,"[PREMIUM]","[PREMIUM]",1,"[]",,"['Dual Rear Wheel']",1,,"[PREMIUM]","[PREMIUM]",108.75,
"1GB0G2CF2F1111129DYIDPORQ4I20260404","2026-04-05 18:02:51.254","2026-04-18 20:44:49.270","[PREMIUM]","[PREMIUM]","260076",2015,"Chevrolet","Express","3500",,"Chassis","White","Tan","8 Cyl","4.8 L","RWD","Automatic","Flexible-Fuel",162785,"[PREMIUM]","[PREMIUM]",,,"Used",,,,,,,true,,,"['{""ownerNumber"":1,""purchaseDate"":""11/06/14"",""endOwnershipDate"":""12/18/19"",""city"":""Paris"",""state"":""KY""}','{""ownerNumber"":2,""purchaseDate"":""05/15/20"",""endOwnershipDate"":""11/17/25"",""city"":""Smyrna"",""state"":""GA""}']",35,33,0,"2026-04-04","ENHANCED","USED",true,"[PREMIUM]","Broomfield","CO","80020","[PREMIUM]",3.7,3,"DYIDPORQ4I","[PREMIUM]","[PREMIUM]","[PREMIUM]","[PREMIUM]","[PREMIUM]","ADVANTAGE",,,,,"[PREMIUM]","[PREMIUM]",33,"['Cutaway Van']",1,"['GVWR 10000 Lbs']",1,"All prices exclude tax, registration, and title fees. Advertised price includes a Dealer Handling Fee of $499.99. Financing available with approved credit. Shop our inventory at www.Lanceautosales.com (http://www.Lanceautosales.com)<br />Lance Truck &amp; Auto Sales, Inc, Located at 1754 S 112th Street Broomfield, CO. 80020. Call us at!(720 445-3900) Hours of Operation are Monday-Friday 9AM-6PM, Saturdays 9AM-5PM, Closed Sundays and Holidays. Thank you for your consideration.","[PREMIUM]","[PREMIUM]",121,"Accident Reported: Moderate to Severe Damage"
"1FDXE4FS1BDB21630SSXCCHVZTT20260327","2026-04-05 18:02:08.504","2026-04-18 20:43:16.239","[PREMIUM]","[PREMIUM]","B21630ADD",2011,"Ford","Econoline","E-450","XLT","Chassis","White","Black","10 Cyl","6.8 L","RWD","Automatic","Gasoline",141004,"[PREMIUM]","[PREMIUM]",,,"Used",,,,,,,,,,"['{""ownerNumber"":1,""purchaseDate"":""08/03/11"",""endOwnershipDate"":""12/14/22"",""city"":""Phoenix"",""state"":""AZ""}','{""ownerNumber"":2,""purchaseDate"":""12/14/22"",""endOwnershipDate"":""07/21/25"",""city"":""Falls Church"",""state"":""VA""}','{""ownerNumber"":3,""purchaseDate"":""07/21/25"",""endOwnershipDate"":""03/27/26"",""city"":""Falls Church"",""state"":""VA""}']",0,1,0,"2026-03-27","ENHANCED","USED",true,"[PREMIUM]","Stafford","VA","22554","[PREMIUM]",3,2,"SSXCCHVZTT","[PREMIUM]","[PREMIUM]","[PREMIUM]","[PREMIUM]","[PREMIUM]","ADVANTAGE",,,,,"[PREMIUM]","[PREMIUM]",1,"['Cutaway Van']",1,"[]",,"Oxford White 2011 Ford E-450SD RWD 5-Speed Automatic with Overdrive Triton V10 6.8L EFI Triton V10 6.8L EFI, 5-Speed Automatic with Overdrive, RWD, Oxford White, Medium Flint Vinyl.Recent Arrival!Awards: * 2011 KBB.com Brand Image Awards","[PREMIUM]","[PREMIUM]",102,
"1GBFG15T2311708803SA81DI00120260403","2026-04-05 18:01:26.991","2026-04-14 07:44:52.041","[PREMIUM]","[PREMIUM]","23182H",2003,"Chevrolet","Express","1500",,"Chassis","Green",,"8 Cyl","5.3 L","RWD","Automatic","Gasoline",174873,"[PREMIUM]","[PREMIUM]",,,"Used",,,,,,true,true,true,true,"['{""ownerNumber"":1,""purchaseDate"":""04/25/03"",""endOwnershipDate"":""03/27/26"",""city"":""Hephzibah"",""state"":""GA""}']",4,8,2,"2026-04-03","ENHANCED","USED",true,"[PREMIUM]","North Augusta","SC","29860","[PREMIUM]",3.8,4,"3SA81DI001","[PREMIUM]","[PREMIUM]","[PREMIUM]","[PREMIUM]","[PREMIUM]","ADVANTAGE",,,,,"[PREMIUM]","[PREMIUM]",8,"[]",,"['AM/FM','Adjustable Steering Wheel','Anti-Lock Brakes','CD (Single Disc)','Daytime Running Lights','Front Airbags (Driver)','Front Airbags (Passenger)','Power Steering']",8,,"[PREMIUM]","[PREMIUM]",144.5,
"1FTYR10U25PA80868DSCVFYMXHP20260402","2026-04-05 13:51:06.063","2026-04-05 13:51:06.063","[PREMIUM]","[PREMIUM]","11334",2005,"Ford","Ranger","Unspecified",,"Pickup","White","Black","6 Cyl","3.0 L","RWD","Automatic","Gasoline",56921,"[PREMIUM]","[PREMIUM]",11700,"GREAT","Used","Regular Cab",,16,21,18,true,true,,true,"['{""ownerNumber"":1,""purchaseDate"":""05/16/05"",""endOwnershipDate"":""04/02/26"",""city"":""Livermore"",""state"":""CA""}']",5,1,0,"2026-04-02","BASIC","USED",true,"[PREMIUM]","Hayward","CA","94541","[PREMIUM]",3.8,4,"DSCVFYMXHP","[PREMIUM]","[PREMIUM]","[PREMIUM]","[PREMIUM]","[PREMIUM]","ADVANTAGE",,,,,"[PREMIUM]","[PREMIUM]",1,"[]",,"['3-Point Seat Belts','AM/FM','Anti-Lock Brakes','Anti-Theft System','CD (Single Disc)','Front Airbags (Driver)','Front Airbags (Passenger)','Passenger Sensing Airbag']",8,,"[PREMIUM]","[PREMIUM]",27,
"1FD0W4HT4LED35043BDCFJCBAZ920260317","2026-04-05 10:43:31.565","2026-04-18 11:59:21.599","[PREMIUM]","[PREMIUM]","1453",2020,"Ford","F-450","XLT",,"Chassis","Unspecified",,"8 Cyl","6.7 L","4WD","Automatic","Diesel",139780,"[PREMIUM]","[PREMIUM]",,,"Used","Crew Cab",,,,,,true,,,"['{""ownerNumber"":1,""purchaseDate"":""02/28/20"",""endOwnershipDate"":""03/21/22"",""state"":""FL""}','{""ownerNumber"":2,""purchaseDate"":""05/24/22"",""endOwnershipDate"":""02/16/26"",""city"":""Fort Myers"",""state"":""FL""}']",26,19,0,"2026-03-17","ENHANCED","USED",true,"[PREMIUM]","Fort Myers","FL","33901","[PREMIUM]",4.8,22,"BDCFJCBAZ9","[PREMIUM]","[PREMIUM]","[PREMIUM]","[PREMIUM]","[PREMIUM]","TOPRATED",,,,,"[PREMIUM]","[PREMIUM]",19,"['Side Airbags']",1,"['Air Conditioning','Anti-Lock Brakes','Dual Airbags','Dual Rear Wheel','Power Steering']",5,"2020 Ford F450 Super Duty Crew Cab &amp; Chassis XLT Cab &amp; Chassis 4D- WORK READYThis vehicle is available at HOSMAN CARS LLC in Fort Myers, Florida.This truck is ready for work and ideal for contractors or business use.? Clean title? Work-ready vehicle? Commercial or personal use? Reliable and well maintainedWe have more trucks, cargo vans, and work vehicles available in our inventory.?? Hosman Cars LLC Fort Myers, FL?? Call or Text: (786) 572-4273? Se habla espa ol venta r pida y proceso sencillo.<br />Displayed price is the value to be financed &#43; down payment.Price of the vehicle $39,800<br /><br />**Suggested down payment for a good credit scoreNon-smoker owner, Vehicle Runs Well, Smooth ride, Lots of storage, Arctic cold a/c, No pets, Never driven on Snow, Seats as good as new, Must test drive, Spotless interior, Title in possession, Not seen any accidents, Drives great","[PREMIUM]","[PREMIUM]",144,
